{
  "episodes": 26,
  "overall_weighted_mape": 0.1067962215839966,
  "per_marker": {
    "glucose": {
      "samples": 181,
      "mean_mape": 0.21537006359271704,
      "median_mape": 0.147066693787181,
      "in_gate": true
    },
    "insulin": {
      "samples": 21,
      "mean_mape": 0.9376446263763405,
      "median_mape": 0.43858656947017644,
      "in_gate": false
    },
    "glucagon": {
      "samples": 21,
      "mean_mape": 0.4440685016552875,
      "median_mape": 0.4384505582875549,
      "in_gate": false
    },
    "ffa": {
      "samples": 21,
      "mean_mape": 0.4320321968538168,
      "median_mape": 0.4105566870029263,
      "in_gate": false
    },
    "bhb": {
      "samples": 21,
      "mean_mape": 0.1990934110456788,
      "median_mape": 0.1793739394658153,
      "in_gate": false
    },
    "ghrelin": {
      "samples": 21,
      "mean_mape": 1.9283432448782545,
      "median_mape": 1.7267308129902168,
      "in_gate": false
    },
    "leptin": {
      "samples": 21,
      "mean_mape": 0.026621752647522905,
      "median_mape": 0.025831932479493978,
      "in_gate": false
    },
    "glp1": {
      "samples": 21,
      "mean_mape": 0.28292827210182836,
      "median_mape": 0.31183623730279875,
      "in_gate": false
    },
    "cortisol": {
      "samples": 21,
      "mean_mape": 0.41913046466296866,
      "median_mape": 0.35082461945890614,
      "in_gate": false
    },
    "acth": {
      "samples": 21,
      "mean_mape": 0.4880570489049628,
      "median_mape": 0.4811969666173333,
      "in_gate": false
    },
    "hr": {
      "samples": 180,
      "mean_mape": 0.1616841594890763,
      "median_mape": 0.16294183628533476,
      "in_gate": true
    },
    "sbp": {
      "samples": 169,
      "mean_mape": 0.07431395269277626,
      "median_mape": 0.06938963445998331,
      "in_gate": true
    },
    "dbp": {
      "samples": 168,
      "mean_mape": 0.0557373727865521,
      "median_mape": 0.04601664819957654,
      "in_gate": true
    },
    "temp": {
      "samples": 169,
      "mean_mape": 0.015291463087512362,
      "median_mape": 0.015258226238313228,
      "in_gate": true
    }
  },
  "verifier": {
    "overall_score": 0.7679512272271954,
    "category_mean": {
      "meal": 0.5584399243407708,
      "coupling": 0.8701769141595024,
      "circadian": 0.7083446863428541,
      "sanity": 0.974927314522096,
      "sleep": 0.9963730096765693
    }
  },
  "textbook_mean_pass_rate": 0.807936507936508,
  "textbook_scenarios": [
    {
      "name": "OGTT",
      "source": "Guyton & Hall, Medical Physiology (Ch. 79)",
      "description": "75g oral glucose tolerance test \u2014 glucose peak/recovery, insulin response, glucagon suppression",
      "pass_rate": 0.6,
      "checks": [
        {
          "name": "glucose_rises",
          "description": "Glucose should rise >20 mg/dL above baseline after 75g load",
          "passed": false,
          "value": 7.19927978515625,
          "threshold": 20.0
        },
        {
          "name": "glucose_peak_timing",
          "description": "Glucose peak should occur 10-90 min after load (t=40-120)",
          "passed": true,
          "value": 40.0,
          "threshold": 80.0
        },
        {
          "name": "glucose_returns",
          "description": "Glucose should return below 140 mg/dL by 150 min post-load (t=180)",
          "passed": true,
          "value": 109.7701644897461,
          "threshold": 140.0
        },
        {
          "name": "insulin_rises",
          "description": "Insulin should rise meaningfully in response to glucose",
          "passed": true,
          "value": 12.986082077026367,
          "threshold": 3.0
        },
        {
          "name": "glucagon_suppressed",
          "description": "Glucagon should be lower during glucose absorption than at baseline",
          "passed": false,
          "value": -0.0156707763671875,
          "threshold": 0.0
        }
      ]
    },
    {
      "name": "overnight_fast",
      "source": "Cahill (2006); Guyton & Hall (Ch. 69-70)",
      "description": "14-hour overnight fast \u2014 glucose maintenance, ketogenesis onset, hunger signaling",
      "pass_rate": 0.8333333333333334,
      "checks": [
        {
          "name": "glucose_stays_viable",
          "description": "Glucose should remain above 60 mg/dL even after 14h fast",
          "passed": true,
          "value": 95.02885437011719,
          "threshold": 60.0
        },
        {
          "name": "glucose_declines",
          "description": "Late-fast glucose should be lower than early post-meal",
          "passed": true,
          "value": 8.851371765136719,
          "threshold": 0.0
        },
        {
          "name": "insulin_low",
          "description": "Insulin should be near basal (<15 \u03bcU/mL) by end of fast",
          "passed": false,
          "value": 18.36797523498535,
          "threshold": 15.0
        },
        {
          "name": "ffa_rises",
          "description": "Free fatty acids should be higher at end of fast than postprandially",
          "passed": true,
          "value": 4.9591064453125e-05,
          "threshold": 0.0
        },
        {
          "name": "bhb_rises",
          "description": "\u03b2-Hydroxybutyrate should rise as fat oxidation increases",
          "passed": true,
          "value": 0.06534914672374725,
          "threshold": 0.0
        },
        {
          "name": "ghrelin_rises",
          "description": "Ghrelin (hunger) should increase during prolonged fast",
          "passed": true,
          "value": 0.15790557861328125,
          "threshold": 0.0
        }
      ]
    },
    {
      "name": "meal_dose_response",
      "source": "Wolever & Bolognesi (1996)",
      "description": "Carbohydrate dose-response: 30g vs 90g meal \u2014 glucose, insulin, GLP-1 scaling",
      "pass_rate": 1.0,
      "checks": [
        {
          "name": "glucose_dose_response",
          "description": "90g carb meal should produce higher glucose peak than 30g",
          "passed": true,
          "value": 6.1089935302734375,
          "threshold": 5.0
        },
        {
          "name": "insulin_dose_response",
          "description": "90g carb meal should produce higher insulin peak than 30g",
          "passed": true,
          "value": 2.6412105560302734,
          "threshold": 2.0
        },
        {
          "name": "glp1_dose_response",
          "description": "Larger meal should produce higher GLP-1 response",
          "passed": true,
          "value": 0.08586978912353516,
          "threshold": 0.0
        }
      ]
    },
    {
      "name": "exercise_bout",
      "source": "McArdle, Katch & Katch, Exercise Physiology",
      "description": "30-minute moderate exercise bout \u2014 cardiovascular, metabolic, and thermal responses",
      "pass_rate": 1.0,
      "checks": [
        {
          "name": "hr_rises_during_exercise",
          "description": "HR should increase >15 bpm during moderate exercise",
          "passed": true,
          "value": 37.85011291503906,
          "threshold": 15.0
        },
        {
          "name": "hr_recovers",
          "description": "HR should recover substantially within 15 min post-exercise",
          "passed": true,
          "value": 77.95540618896484,
          "threshold": 81.35582733154297
        },
        {
          "name": "lactate_rises",
          "description": "Lactate should increase during moderate exercise",
          "passed": true,
          "value": 1.5946273803710938,
          "threshold": 0.3
        },
        {
          "name": "temp_rises",
          "description": "Core temperature should increase during exercise",
          "passed": true,
          "value": 0.5053749084472656,
          "threshold": 0.1
        },
        {
          "name": "rr_rises",
          "description": "Respiratory rate should increase during exercise",
          "passed": true,
          "value": 21.36292839050293,