{
  "episodes": 26,
  "overall_weighted_mape": 0.09065382589705992,
  "per_marker": {
    "glucose": {
      "samples": 181,
      "mean_mape": 0.20722225193814212,
      "median_mape": 0.138043603680168,
      "in_gate": true
    },
    "insulin": {
      "samples": 21,
      "mean_mape": 1.1374614464540513,
      "median_mape": 0.5254503062431493,
      "in_gate": false
    },
    "glucagon": {
      "samples": 21,
      "mean_mape": 0.44409269810645596,
      "median_mape": 0.43846109657816357,
      "in_gate": false
    },
    "ffa": {
      "samples": 21,
      "mean_mape": 0.43199232759172307,
      "median_mape": 0.41054331407805345,
      "in_gate": false
    },
    "bhb": {
      "samples": 21,
      "mean_mape": 0.22308067422586075,
      "median_mape": 0.22629397150963884,
      "in_gate": false
    },
    "ghrelin": {
      "samples": 21,
      "mean_mape": 1.9283482972019343,
      "median_mape": 1.7267308129902168,
      "in_gate": false
    },
    "leptin": {
      "samples": 21,
      "mean_mape": 0.02663566825482313,
      "median_mape": 0.025785100196180008,
      "in_gate": false
    },
    "glp1": {
      "samples": 21,
      "mean_mape": 0.2859447069266163,
      "median_mape": 0.3089932326110479,
      "in_gate": false
    },
    "cortisol": {
      "samples": 21,
      "mean_mape": 0.4103913681579248,
      "median_mape": 0.3564639887032526,
      "in_gate": false
    },
    "acth": {
      "samples": 21,
      "mean_mape": 0.4727119768402213,
      "median_mape": 0.4547522890818745,
      "in_gate": false
    },
    "hr": {
      "samples": 180,
      "mean_mape": 0.1103446245641554,
      "median_mape": 0.11427611379912406,
      "in_gate": true
    },
    "sbp": {
      "samples": 169,
      "mean_mape": 0.06456200633194552,
      "median_mape": 0.0634420846254771,
      "in_gate": true
    },
    "dbp": {
      "samples": 168,
      "mean_mape": 0.046310812188239195,
      "median_mape": 0.040371766236104445,
      "in_gate": true
    },
    "temp": {
      "samples": 169,
      "mean_mape": 0.01500835214601347,
      "median_mape": 0.0150485221154051,
      "in_gate": true
    }
  },
  "verifier": {
    "overall_score": 0.7991256077983664,
    "category_mean": {
      "meal": 0.6046987147916604,
      "coupling": 0.8977759852296507,
      "circadian": 0.708950830341531,
      "sanity": 0.9974854870988055,
      "sleep": 0.9966526031483877
    }
  },
  "textbook_mean_pass_rate": 0.807936507936508,
  "textbook_scenarios": [
    {
      "name": "OGTT",
      "source": "Guyton & Hall, Medical Physiology (Ch. 79)",
      "description": "75g oral glucose tolerance test \u2014 glucose peak/recovery, insulin response, glucagon suppression",
      "pass_rate": 0.6,
      "checks": [
        {
          "name": "glucose_rises",
          "description": "Glucose should rise >20 mg/dL above baseline after 75g load",
          "passed": false,
          "value": 7.2141571044921875,
          "threshold": 20.0
        },
        {
          "name": "glucose_peak_timing",
          "description": "Glucose peak should occur 10-90 min after load (t=40-120)",
          "passed": true,
          "value": 40.0,
          "threshold": 80.0
        },
        {
          "name": "glucose_returns",
          "description": "Glucose should return below 140 mg/dL by 150 min post-load (t=180)",
          "passed": true,
          "value": 109.17626953125,
          "threshold": 140.0
        },
        {
          "name": "insulin_rises",
          "description": "Insulin should rise meaningfully in response to glucose",
          "passed": true,
          "value": 18.61122417449951,
          "threshold": 3.0
        },
        {
          "name": "glucagon_suppressed",
          "description": "Glucagon should be lower during glucose absorption than at baseline",
          "passed": false,
          "value": -0.00328826904296875,
          "threshold": 0.0
        }
      ]
    },
    {
      "name": "overnight_fast",
      "source": "Cahill (2006); Guyton & Hall (Ch. 69-70)",
      "description": "14-hour overnight fast \u2014 glucose maintenance, ketogenesis onset, hunger signaling",
      "pass_rate": 0.8333333333333334,
      "checks": [
        {
          "name": "glucose_stays_viable",
          "description": "Glucose should remain above 60 mg/dL even after 14h fast",
          "passed": true,
          "value": 95.02885437011719,
          "threshold": 60.0
        },
        {
          "name": "glucose_declines",
          "description": "Late-fast glucose should be lower than early post-meal",
          "passed": true,
          "value": 8.839576721191406,
          "threshold": 0.0
        },
        {
          "name": "insulin_low",
          "description": "Insulin should be near basal (<15 \u03bcU/mL) by end of fast",
          "passed": false,
          "value": 18.161218643188477,
          "threshold": 15.0
        },
        {
          "name": "ffa_rises",
          "description": "Free fatty acids should be higher at end of fast than postprandially",
          "passed": true,
          "value": 4.217028617858887e-05,
          "threshold": 0.0
        },
        {
          "name": "bhb_rises",
          "description": "\u03b2-Hydroxybutyrate should rise as fat oxidation increases",
          "passed": true,
          "value": 0.062478482723236084,
          "threshold": 0.0
        },
        {
          "name": "ghrelin_rises",
          "description": "Ghrelin (hunger) should increase during prolonged fast",
          "passed": true,
          "value": 0.16074371337890625,
          "threshold": 0.0
        }
      ]
    },
    {
      "name": "meal_dose_response",
      "source": "Wolever & Bolognesi (1996)",
      "description": "Carbohydrate dose-response: 30g vs 90g meal \u2014 glucose, insulin, GLP-1 scaling",
      "pass_rate": 1.0,
      "checks": [
        {
          "name": "glucose_dose_response",
          "description": "90g carb meal should produce higher glucose peak than 30g",
          "passed": true,
          "value": 5.9808349609375,
          "threshold": 5.0
        },
        {
          "name": "insulin_dose_response",
          "description": "90g carb meal should produce higher insulin peak than 30g",
          "passed": true,
          "value": 2.523052215576172,
          "threshold": 2.0
        },
        {
          "name": "glp1_dose_response",
          "description": "Larger meal should produce higher GLP-1 response",
          "passed": true,
          "value": 0.05637359619140625,
          "threshold": 0.0
        }
      ]
    },
    {
      "name": "exercise_bout",
      "source": "McArdle, Katch & Katch, Exercise Physiology",
      "description": "30-minute moderate exercise bout \u2014 cardiovascular, metabolic, and thermal responses",
      "pass_rate": 1.0,
      "checks": [
        {
          "name": "hr_rises_during_exercise",
          "description": "HR should increase >15 bpm during moderate exercise",
          "passed": true,
          "value": 37.52948760986328,
          "threshold": 15.0
        },
        {
          "name": "hr_recovers",
          "description": "HR should recover substantially within 15 min post-exercise",
          "passed": true,
          "value": 77.077880859375,
          "threshold": 80.99345397949219
        },
        {
          "name": "lactate_rises",
          "description": "Lactate should increase during moderate exercise",
          "passed": true,
          "value": 1.6501637697219849,
          "threshold": 0.3
        },
        {
          "name": "temp_rises",
          "description": "Core temperature should increase during exercise",
          "passed": true,
          "value": 0.5044479370117188,
          "threshold": 0.1
        },
        {
          "name": "rr_rises",
          "description": "Respiratory rate should increase during exercise",
          "passed": true,
          "value": 21.372713088989258,