{
  "episodes": 26,
  "overall_weighted_mape": 0.09195884853044216,
  "per_marker": {
    "glucose": {
      "samples": 181,
      "mean_mape": 0.20713501696751505,
      "median_mape": 0.13928094916387432,
      "in_gate": true
    },
    "insulin": {
      "samples": 21,
      "mean_mape": 1.2315325057900872,
      "median_mape": 0.5619084378863339,
      "in_gate": false
    },
    "glucagon": {
      "samples": 21,
      "mean_mape": 0.44408057222239145,
      "median_mape": 0.4384470979533252,
      "in_gate": false
    },
    "ffa": {
      "samples": 21,
      "mean_mape": 0.4319997533167091,
      "median_mape": 0.4105444915682938,
      "in_gate": false
    },
    "bhb": {
      "samples": 21,
      "mean_mape": 0.21057690230336515,
      "median_mape": 0.22688753528828193,
      "in_gate": false
    },
    "ghrelin": {
      "samples": 21,
      "mean_mape": 1.9283752633375797,
      "median_mape": 1.7267308129902168,
      "in_gate": false
    },
    "leptin": {
      "samples": 21,
      "mean_mape": 0.026650251838048478,
      "median_mape": 0.025812084977379707,
      "in_gate": false
    },
    "glp1": {
      "samples": 21,
      "mean_mape": 0.29232441306362605,
      "median_mape": 0.2993448231586822,
      "in_gate": false
    },
    "cortisol": {
      "samples": 21,
      "mean_mape": 0.4223069779222425,
      "median_mape": 0.355772617650766,
      "in_gate": false
    },
    "acth": {
      "samples": 21,
      "mean_mape": 0.4887315346534204,
      "median_mape": 0.477316453047375,
      "in_gate": false
    },
    "hr": {
      "samples": 180,
      "mean_mape": 0.11431317768689096,
      "median_mape": 0.11947642484517716,
      "in_gate": true
    },
    "sbp": {
      "samples": 169,
      "mean_mape": 0.065136249000037,
      "median_mape": 0.06448126738926149,
      "in_gate": true
    },
    "dbp": {
      "samples": 168,
      "mean_mape": 0.04822657350614393,
      "median_mape": 0.041323679118547736,
      "in_gate": true
    },
    "temp": {
      "samples": 169,
      "mean_mape": 0.015091249651445775,
      "median_mape": 0.015139095118788382,
      "in_gate": true
    }
  },
  "verifier": {
    "overall_score": 0.7977350241706002,
    "category_mean": {
      "meal": 0.5971156364376905,
      "coupling": 0.9043031061551774,
      "circadian": 0.7087136072933055,
      "sanity": 0.9985160278302475,
      "sleep": 0.9966678922610502
    }
  },
  "textbook_mean_pass_rate": 0.807936507936508,
  "textbook_scenarios": [
    {
      "name": "OGTT",
      "source": "Guyton & Hall, Medical Physiology (Ch. 79)",
      "description": "75g oral glucose tolerance test \u2014 glucose peak/recovery, insulin response, glucagon suppression",
      "pass_rate": 0.6,
      "checks": [
        {
          "name": "glucose_rises",
          "description": "Glucose should rise >20 mg/dL above baseline after 75g load",
          "passed": false,
          "value": 7.256965637207031,
          "threshold": 20.0
        },
        {
          "name": "glucose_peak_timing",
          "description": "Glucose peak should occur 10-90 min after load (t=40-120)",
          "passed": true,
          "value": 40.0,
          "threshold": 80.0
        },
        {
          "name": "glucose_returns",
          "description": "Glucose should return below 140 mg/dL by 150 min post-load (t=180)",
          "passed": true,
          "value": 109.09696197509766,
          "threshold": 140.0
        },
        {
          "name": "insulin_rises",
          "description": "Insulin should rise meaningfully in response to glucose",
          "passed": true,
          "value": 19.166156768798828,
          "threshold": 3.0
        },
        {
          "name": "glucagon_suppressed",
          "description": "Glucagon should be lower during glucose absorption than at baseline",
          "passed": false,
          "value": -0.00286865234375,
          "threshold": 0.0
        }
      ]
    },
    {
      "name": "overnight_fast",
      "source": "Cahill (2006); Guyton & Hall (Ch. 69-70)",
      "description": "14-hour overnight fast \u2014 glucose maintenance, ketogenesis onset, hunger signaling",
      "pass_rate": 0.8333333333333334,
      "checks": [
        {
          "name": "glucose_stays_viable",
          "description": "Glucose should remain above 60 mg/dL even after 14h fast",
          "passed": true,
          "value": 95.02885437011719,
          "threshold": 60.0
        },
        {
          "name": "glucose_declines",
          "description": "Late-fast glucose should be lower than early post-meal",
          "passed": true,
          "value": 8.563613891601562,
          "threshold": 0.0
        },
        {
          "name": "insulin_low",
          "description": "Insulin should be near basal (<15 \u03bcU/mL) by end of fast",
          "passed": false,
          "value": 18.0998592376709,
          "threshold": 15.0
        },
        {
          "name": "ffa_rises",
          "description": "Free fatty acids should be higher at end of fast than postprandially",
          "passed": true,
          "value": 4.2319297790527344e-05,
          "threshold": 0.0
        },
        {
          "name": "bhb_rises",
          "description": "\u03b2-Hydroxybutyrate should rise as fat oxidation increases",
          "passed": true,
          "value": 0.06347247958183289,
          "threshold": 0.0
        },
        {
          "name": "ghrelin_rises",
          "description": "Ghrelin (hunger) should increase during prolonged fast",
          "passed": true,
          "value": 0.1614227294921875,
          "threshold": 0.0
        }
      ]
    },
    {
      "name": "meal_dose_response",
      "source": "Wolever & Bolognesi (1996)",
      "description": "Carbohydrate dose-response: 30g vs 90g meal \u2014 glucose, insulin, GLP-1 scaling",
      "pass_rate": 1.0,
      "checks": [
        {
          "name": "glucose_dose_response",
          "description": "90g carb meal should produce higher glucose peak than 30g",
          "passed": true,
          "value": 6.283821105957031,
          "threshold": 5.0
        },
        {
          "name": "insulin_dose_response",
          "description": "90g carb meal should produce higher insulin peak than 30g",
          "passed": true,
          "value": 2.834606170654297,
          "threshold": 2.0
        },
        {
          "name": "glp1_dose_response",
          "description": "Larger meal should produce higher GLP-1 response",
          "passed": true,
          "value": 0.06101036071777344,
          "threshold": 0.0
        }
      ]
    },
    {
      "name": "exercise_bout",
      "source": "McArdle, Katch & Katch, Exercise Physiology",
      "description": "30-minute moderate exercise bout \u2014 cardiovascular, metabolic, and thermal responses",
      "pass_rate": 1.0,
      "checks": [
        {
          "name": "hr_rises_during_exercise",
          "description": "HR should increase >15 bpm during moderate exercise",
          "passed": true,
          "value": 37.418357849121094,
          "threshold": 15.0
        },
        {
          "name": "hr_recovers",
          "description": "HR should recover substantially within 15 min post-exercise",
          "passed": true,
          "value": 76.89225006103516,
          "threshold": 80.89685821533203
        },
        {
          "name": "lactate_rises",
          "description": "Lactate should increase during moderate exercise",
          "passed": true,
          "value": 1.6520521640777588,
          "threshold": 0.3
        },
        {
          "name": "temp_rises",
          "description": "Core temperature should increase during exercise",
          "passed": true,
          "value": 0.5042686462402344,
          "threshold": 0.1
        },
        {
          "name": "rr_rises",
          "description": "Respiratory rate should increase during exercise",
          "passed": true,
          "value": 21.3596134185791,