{
  "episodes": 26,
  "overall_weighted_mape": 0.11505817303107214,
  "per_marker": {
    "glucose": {
      "samples": 181,
      "mean_mape": 0.21385671860321445,
      "median_mape": 0.13519280197424324,
      "in_gate": true
    },
    "insulin": {
      "samples": 21,
      "mean_mape": 0.989719505292014,
      "median_mape": 0.4735583882134153,
      "in_gate": false
    },
    "glucagon": {
      "samples": 21,
      "mean_mape": 0.4440692203471946,
      "median_mape": 0.4384526030305088,
      "in_gate": false
    },
    "ffa": {
      "samples": 21,
      "mean_mape": 0.43198489103397514,
      "median_mape": 0.4105430617587162,
      "in_gate": false
    },
    "bhb": {
      "samples": 21,
      "mean_mape": 0.20559560532566604,
      "median_mape": 0.20166994605404293,
      "in_gate": false
    },
    "ghrelin": {
      "samples": 21,
      "mean_mape": 1.9285371121215231,
      "median_mape": 1.726755774518751,
      "in_gate": false
    },
    "leptin": {
      "samples": 21,
      "mean_mape": 0.026640976320491245,
      "median_mape": 0.025897243471672955,
      "in_gate": false
    },
    "glp1": {
      "samples": 21,
      "mean_mape": 0.27392264419843043,
      "median_mape": 0.31781105681529703,
      "in_gate": false
    },
    "cortisol": {
      "samples": 21,
      "mean_mape": 0.4360964451791408,
      "median_mape": 0.33821899113657033,
      "in_gate": false
    },
    "acth": {
      "samples": 21,
      "mean_mape": 0.501477536368999,
      "median_mape": 0.525774174217743,
      "in_gate": false
    },
    "hr": {
      "samples": 180,
      "mean_mape": 0.19356844526414013,
      "median_mape": 0.18738002398830622,
      "in_gate": true
    },
    "sbp": {
      "samples": 169,
      "mean_mape": 0.0832046101503527,
      "median_mape": 0.07253910035125968,
      "in_gate": true
    },
    "dbp": {
      "samples": 168,
      "mean_mape": 0.05666370572657501,
      "median_mape": 0.04325483415043335,
      "in_gate": true
    },
    "temp": {
      "samples": 169,
      "mean_mape": 0.015526438613836001,
      "median_mape": 0.015445834300557081,
      "in_gate": true
    }
  },
  "verifier": {
    "overall_score": 0.7718531638212061,
    "category_mean": {
      "meal": 0.5570345946106933,
      "coupling": 0.8742530342358421,
      "circadian": 0.7125234985385143,
      "sanity": 0.9847178377594256,
      "sleep": 0.9962997370988633
    }
  },
  "textbook_mean_pass_rate": 0.7603174603174603,
  "textbook_scenarios": [
    {
      "name": "OGTT",
      "source": "Guyton & Hall, Medical Physiology (Ch. 79)",
      "description": "75g oral glucose tolerance test \u2014 glucose peak/recovery, insulin response, glucagon suppression",
      "pass_rate": 0.6,
      "checks": [
        {
          "name": "glucose_rises",
          "description": "Glucose should rise >20 mg/dL above baseline after 75g load",
          "passed": false,
          "value": 6.472198486328125,
          "threshold": 20.0
        },
        {
          "name": "glucose_peak_timing",
          "description": "Glucose peak should occur 10-90 min after load (t=40-120)",
          "passed": true,
          "value": 40.0,
          "threshold": 80.0
        },
        {
          "name": "glucose_returns",
          "description": "Glucose should return below 140 mg/dL by 150 min post-load (t=180)",
          "passed": true,
          "value": 110.14146423339844,
          "threshold": 140.0
        },
        {
          "name": "insulin_rises",
          "description": "Insulin should rise meaningfully in response to glucose",
          "passed": true,
          "value": 11.123637199401855,
          "threshold": 3.0
        },
        {
          "name": "glucagon_suppressed",
          "description": "Glucagon should be lower during glucose absorption than at baseline",
          "passed": false,
          "value": -0.01296234130859375,
          "threshold": 0.0
        }
      ]
    },
    {
      "name": "overnight_fast",
      "source": "Cahill (2006); Guyton & Hall (Ch. 69-70)",
      "description": "14-hour overnight fast \u2014 glucose maintenance, ketogenesis onset, hunger signaling",
      "pass_rate": 0.8333333333333334,
      "checks": [
        {
          "name": "glucose_stays_viable",
          "description": "Glucose should remain above 60 mg/dL even after 14h fast",
          "passed": true,
          "value": 95.02885437011719,
          "threshold": 60.0
        },
        {
          "name": "glucose_declines",
          "description": "Late-fast glucose should be lower than early post-meal",
          "passed": true,
          "value": 8.983070373535156,
          "threshold": 0.0
        },
        {
          "name": "insulin_low",
          "description": "Insulin should be near basal (<15 \u03bcU/mL) by end of fast",
          "passed": false,
          "value": 19.0394287109375,
          "threshold": 15.0
        },
        {
          "name": "ffa_rises",
          "description": "Free fatty acids should be higher at end of fast than postprandially",
          "passed": true,
          "value": 4.741549491882324e-05,
          "threshold": 0.0
        },
        {
          "name": "bhb_rises",
          "description": "\u03b2-Hydroxybutyrate should rise as fat oxidation increases",
          "passed": true,
          "value": 0.060892194509506226,
          "threshold": 0.0
        },
        {
          "name": "ghrelin_rises",
          "description": "Ghrelin (hunger) should increase during prolonged fast",
          "passed": true,
          "value": 0.1367950439453125,
          "threshold": 0.0
        }
      ]
    },
    {
      "name": "meal_dose_response",
      "source": "Wolever & Bolognesi (1996)",
      "description": "Carbohydrate dose-response: 30g vs 90g meal \u2014 glucose, insulin, GLP-1 scaling",
      "pass_rate": 0.6666666666666666,
      "checks": [
        {
          "name": "glucose_dose_response",
          "description": "90g carb meal should produce higher glucose peak than 30g",
          "passed": true,
          "value": 5.206611633300781,
          "threshold": 5.0
        },
        {
          "name": "insulin_dose_response",
          "description": "90g carb meal should produce higher insulin peak than 30g",
          "passed": false,
          "value": 1.9463977813720703,
          "threshold": 2.0
        },
        {
          "name": "glp1_dose_response",
          "description": "Larger meal should produce higher GLP-1 response",
          "passed": true,
          "value": 0.07347393035888672,
          "threshold": 0.0
        }
      ]
    },
    {
      "name": "exercise_bout",
      "source": "McArdle, Katch & Katch, Exercise Physiology",
      "description": "30-minute moderate exercise bout \u2014 cardiovascular, metabolic, and thermal responses",
      "pass_rate": 1.0,
      "checks": [
        {
          "name": "hr_rises_during_exercise",
          "description": "HR should increase >15 bpm during moderate exercise",
          "passed": true,
          "value": 36.194427490234375,
          "threshold": 15.0
        },
        {
          "name": "hr_recovers",
          "description": "HR should recover substantially within 15 min post-exercise",
          "passed": true,
          "value": 77.63565063476562,
          "threshold": 82.33222961425781
        },
        {
          "name": "lactate_rises",
          "description": "Lactate should increase during moderate exercise",
          "passed": true,
          "value": 1.6794167757034302,
          "threshold": 0.3
        },
        {
          "name": "temp_rises",
          "description": "Core temperature should increase during exercise",
          "passed": true,
          "value": 0.5099411010742188,
          "threshold": 0.1
        },
        {
          "name": "rr_rises",
          "description": "Respiratory rate should increase during exercise",
          "passed": true,