{
  "episodes": 26,
  "overall_weighted_mape": 0.09055043391045806,
  "per_marker": {
    "glucose": {
      "samples": 181,
      "mean_mape": 0.20723355966060053,
      "median_mape": 0.13757579698475125,
      "in_gate": true
    },
    "insulin": {
      "samples": 21,
      "mean_mape": 1.1181001840711928,
      "median_mape": 0.5307948809272449,
      "in_gate": false
    },
    "glucagon": {
      "samples": 21,
      "mean_mape": 0.44408786356973656,
      "median_mape": 0.4384571643801753,
      "in_gate": false
    },
    "ffa": {
      "samples": 21,
      "mean_mape": 0.43197832532005476,
      "median_mape": 0.4105430617587162,
      "in_gate": false
    },
    "bhb": {
      "samples": 21,
      "mean_mape": 0.23082994785778654,
      "median_mape": 0.23818053019270702,
      "in_gate": false
    },
    "ghrelin": {
      "samples": 21,
      "mean_mape": 1.9283482650819113,
      "median_mape": 1.7267308129902168,
      "in_gate": false
    },
    "leptin": {
      "samples": 21,
      "mean_mape": 0.026630350900898984,
      "median_mape": 0.025780407190753977,
      "in_gate": false
    },
    "glp1": {
      "samples": 21,
      "mean_mape": 0.2852930458277404,
      "median_mape": 0.3098389651672459,
      "in_gate": false
    },
    "cortisol": {
      "samples": 21,
      "mean_mape": 0.41464896959695546,
      "median_mape": 0.3621640297607839,
      "in_gate": false
    },
    "acth": {
      "samples": 21,
      "mean_mape": 0.4629227976480608,
      "median_mape": 0.4426822318064276,
      "in_gate": false
    },
    "hr": {
      "samples": 180,
      "mean_mape": 0.11024786926702936,
      "median_mape": 0.11433128922073929,
      "in_gate": true
    },
    "sbp": {
      "samples": 169,
      "mean_mape": 0.06459535413934514,
      "median_mape": 0.06376517532218216,
      "in_gate": true
    },
    "dbp": {
      "samples": 168,
      "mean_mape": 0.0458714944056335,
      "median_mape": 0.03974832977277612,
      "in_gate": true
    },
    "temp": {
      "samples": 169,
      "mean_mape": 0.01497224570436325,
      "median_mape": 0.015017143062414771,
      "in_gate": true
    }
  },
  "verifier": {
    "overall_score": 0.8003067872329859,
    "category_mean": {
      "meal": 0.6055099931949889,
      "coupling": 0.9019143132510986,
      "circadian": 0.7085435377168786,
      "sanity": 0.9980638374969567,
      "sleep": 0.9966187847157721
    }
  },
  "textbook_mean_pass_rate": 0.807936507936508,
  "textbook_scenarios": [
    {
      "name": "OGTT",
      "source": "Guyton & Hall, Medical Physiology (Ch. 79)",
      "description": "75g oral glucose tolerance test \u2014 glucose peak/recovery, insulin response, glucagon suppression",
      "pass_rate": 0.6,
      "checks": [
        {
          "name": "glucose_rises",
          "description": "Glucose should rise >20 mg/dL above baseline after 75g load",
          "passed": false,
          "value": 7.1461029052734375,
          "threshold": 20.0
        },
        {
          "name": "glucose_peak_timing",
          "description": "Glucose peak should occur 10-90 min after load (t=40-120)",
          "passed": true,
          "value": 40.0,
          "threshold": 80.0
        },
        {
          "name": "glucose_returns",
          "description": "Glucose should return below 140 mg/dL by 150 min post-load (t=180)",
          "passed": true,
          "value": 109.19956970214844,
          "threshold": 140.0
        },
        {
          "name": "insulin_rises",
          "description": "Insulin should rise meaningfully in response to glucose",
          "passed": true,
          "value": 18.2581205368042,
          "threshold": 3.0
        },
        {
          "name": "glucagon_suppressed",
          "description": "Glucagon should be lower during glucose absorption than at baseline",
          "passed": false,
          "value": -0.00319671630859375,
          "threshold": 0.0
        }
      ]
    },
    {
      "name": "overnight_fast",
      "source": "Cahill (2006); Guyton & Hall (Ch. 69-70)",
      "description": "14-hour overnight fast \u2014 glucose maintenance, ketogenesis onset, hunger signaling",
      "pass_rate": 0.8333333333333334,
      "checks": [
        {
          "name": "glucose_stays_viable",
          "description": "Glucose should remain above 60 mg/dL even after 14h fast",
          "passed": true,
          "value": 95.02885437011719,
          "threshold": 60.0
        },
        {
          "name": "glucose_declines",
          "description": "Late-fast glucose should be lower than early post-meal",
          "passed": true,
          "value": 8.962661743164062,
          "threshold": 0.0
        },
        {
          "name": "insulin_low",
          "description": "Insulin should be near basal (<15 \u03bcU/mL) by end of fast",
          "passed": false,
          "value": 18.174345016479492,
          "threshold": 15.0
        },
        {
          "name": "ffa_rises",
          "description": "Free fatty acids should be higher at end of fast than postprandially",
          "passed": true,
          "value": 3.993511199951172e-05,
          "threshold": 0.0
        },
        {
          "name": "bhb_rises",
          "description": "\u03b2-Hydroxybutyrate should rise as fat oxidation increases",
          "passed": true,
          "value": 0.06214481592178345,
          "threshold": 0.0
        },
        {
          "name": "ghrelin_rises",
          "description": "Ghrelin (hunger) should increase during prolonged fast",
          "passed": true,
          "value": 0.1607513427734375,
          "threshold": 0.0
        }
      ]
    },
    {
      "name": "meal_dose_response",
      "source": "Wolever & Bolognesi (1996)",
      "description": "Carbohydrate dose-response: 30g vs 90g meal \u2014 glucose, insulin, GLP-1 scaling",
      "pass_rate": 1.0,
      "checks": [
        {
          "name": "glucose_dose_response",
          "description": "90g carb meal should produce higher glucose peak than 30g",
          "passed": true,
          "value": 5.7889556884765625,
          "threshold": 5.0
        },
        {
          "name": "insulin_dose_response",
          "description": "90g carb meal should produce higher insulin peak than 30g",
          "passed": true,
          "value": 2.3266029357910156,
          "threshold": 2.0
        },
        {
          "name": "glp1_dose_response",
          "description": "Larger meal should produce higher GLP-1 response",
          "passed": true,
          "value": 0.053292274475097656,
          "threshold": 0.0
        }
      ]
    },
    {
      "name": "exercise_bout",
      "source": "McArdle, Katch & Katch, Exercise Physiology",
      "description": "30-minute moderate exercise bout \u2014 cardiovascular, metabolic, and thermal responses",
      "pass_rate": 1.0,
      "checks": [
        {
          "name": "hr_rises_during_exercise",
          "description": "HR should increase >15 bpm during moderate exercise",
          "passed": true,
          "value": 37.56780242919922,
          "threshold": 15.0
        },
        {
          "name": "hr_recovers",
          "description": "HR should recover substantially within 15 min post-exercise",
          "passed": true,
          "value": 77.13188934326172,
          "threshold": 81.02883911132812
        },
        {
          "name": "lactate_rises",
          "description": "Lactate should increase during moderate exercise",
          "passed": true,
          "value": 1.6494454145431519,
          "threshold": 0.3
        },
        {
          "name": "temp_rises",
          "description": "Core temperature should increase during exercise",
          "passed": true,
          "value": 0.5045394897460938,
          "threshold": 0.1
        },
        {
          "name": "rr_rises",
          "description": "Respiratory rate should increase during exercise",
          "passed": true,
          "value": 21.377199172973633,